context_precision,context_recall,f1_score
0.9455555555240369,1.0,0.9720159908457107
