context_precision,context_recall,f1_score
0.9793055555134432,0.932,0.955067362312294
