{
  "metrics": {
    "context_precision": 0.8333333332570922,
    "context_recall": 0.6875558734131951,
    "f1_score": 0.753458207578853
  },
  "num_samples": 51,
  "successful_samples": 47,
  "parallel_workers": 5,
  "total_time_seconds": 372.01450967788696,
  "speed_per_question": 7.294402150546803,
  "timestamp": "2026-04-06T16:22:39.752528"
}