{
  "metrics": {
    "context_precision": 0.7976190475416667,
    "context_recall": 0.6979391756702681,
    "f1_score": 0.744457249340064
  },
  "num_samples": 51,
  "successful_samples": 42,
  "parallel_workers": 5,
  "total_time_seconds": 216.24691677093506,
  "speed_per_question": 4.240135622959511,
  "timestamp": "2026-04-06T16:18:59.612902"
}