{
  "metrics": {
    "context_precision": 0.8284313724698529,
    "context_recall": 0.6957076948426429,
    "f1_score": 0.7562906729929775
  },
  "num_samples": 51,
  "successful_samples": 51,
  "parallel_workers": 5,
  "total_time_seconds": 1290.0710723400116,
  "speed_per_question": 25.29551122235317,
  "timestamp": "2026-04-06T16:52:50.216941"
}