{
  "metrics": {
    "context_precision": 0.833333333251282,
    "context_recall": 0.6945054945054945,
    "f1_score": 0.7576120833993206
  },
  "num_samples": 51,
  "successful_samples": 39,
  "parallel_workers": 5,
  "total_time_seconds": 277.596985578537,
  "speed_per_question": 5.443078148598764,
  "timestamp": "2026-04-06T16:20:56.485344"
}