{
  "metrics": {
    "context_precision": 0.7959183672681973,
    "context_recall": 0.6749785628537129,
    "f1_score": 0.7304765203949881
  },
  "num_samples": 51,
  "successful_samples": 49,
  "parallel_workers": 5,
  "total_time_seconds": 294.48614835739136,
  "speed_per_question": 5.774238203086105,
  "timestamp": "2026-04-06T16:20:17.848760"
}