{
  "metrics": {
    "context_precision": 0.8267973855437909,
    "context_recall": 0.7017575657714067,
    "f1_score": 0.7591631824111383
  },
  "num_samples": 51,
  "successful_samples": 51,
  "parallel_workers": 5,
  "total_time_seconds": 1628.4437267780304,
  "speed_per_question": 31.9302691525104,
  "timestamp": "2026-04-06T16:58:28.608388"
}